occurrence,symbol,logical_macs_per_invocation,autotvm_cycles_per_invocation,deployment_cycles_per_invocation,relative_cycle_difference,utilization_percent,workload_sha256,config_sha256
0,tvmgen_mlperf_anomaly_vta_main_0,16384,2691,2691.0,0.0,9.513192121887775,52a44ee15c10af6b32b0393d914fd2b254b3cb3c16a9a323b7d55f83e245139c,845fd8ddd6c6e6e8f5d85456898cdb922224b802dcabcc885a5170ec3d189849
1,tvmgen_mlperf_anomaly_vta_main_1,16384,2691,2691.0,0.0,9.513192121887775,3a1eb8ebf1eeb10e11376460d5f10e2d000698726666def688691b12a826c7b5,845fd8ddd6c6e6e8f5d85456898cdb922224b802dcabcc885a5170ec3d189849
2,tvmgen_mlperf_anomaly_vta_main_2,16384,2691,2691.0,0.0,9.513192121887775,15f03589a7f62ba6b1f3114ced544ab0b15004176e45e86fa3f57b7544922beb,845fd8ddd6c6e6e8f5d85456898cdb922224b802dcabcc885a5170ec3d189849
3,tvmgen_mlperf_anomaly_vta_main_3,1024,437,437.0,0.0,3.6613272311212817,d99173ed0852c6839896daf80ff5fe2fae34376ccdaef8fb6864e93bb12034c5,de751726bbe13b0f8d77ab3fc1b1c7520deec74756aded03acf2b901d01ac3e1
4,tvmgen_mlperf_anomaly_vta_main_4,1024,516,516.0,0.0,3.10077519379845,ff4aefa361805aaef5e66b166052a0a824bf61e63c8e2fd7f5d5f939319f251b,2d127b7ae5c2ba06a3c3e6459e0f7212d1c828ec085bf6c42c06dc4dafa2ed6e
5,tvmgen_mlperf_anomaly_vta_main_5,16384,2691,2691.0,0.0,9.513192121887775,7a8f32654384837f7ef1e546b389f61acd64e16e30411b5afde41a220776c0a9,845fd8ddd6c6e6e8f5d85456898cdb922224b802dcabcc885a5170ec3d189849
6,tvmgen_mlperf_anomaly_vta_main_6,16384,2691,2691.0,0.0,9.513192121887775,7eb35144d9dc84a95f347f088e74f04d8a6f4c76ff6d1135e3a36668973670cf,845fd8ddd6c6e6e8f5d85456898cdb922224b802dcabcc885a5170ec3d189849
7,tvmgen_mlperf_anomaly_vta_main_7,16384,2691,2691.0,0.0,9.513192121887775,3067080f6718f0855fcc805d1f3324ea856c6f43baf0e4b82d1e33019a916383,845fd8ddd6c6e6e8f5d85456898cdb922224b802dcabcc885a5170ec3d189849
8,tvmgen_mlperf_anomaly_vta_main_8,81920,11889,11889.0,0.0,10.766254520985786,2df78e1254f17c348c84f9f78b1ad982d0abee1b52bf11e154d55828da46d5d2,41c7d0058b8094f83d0996eab13c913a30b08fcc620a24c3092d61d18c1e2f0b
